title,hot_value
印媒评印度0枚金牌,12109532
王楚钦ISFP 孙颖莎ENTJ,11707388
何以中国寻根辽宁,11361648
孙颖莎回应用pin哄张本美和,11093204
王楚钦介绍自己的pin,10506253
王楚钦感谢倪夏莲,10493567
日媒：岸田文雄将辞任首相,9335468
全红婵陈芋汐陈艺文一起撸猫,9321691
全红婵给爷爷打电话必有三连问,9258517
世界羽联删除何冰娇女单排名,9195279
私藏浪漫饶静赵方刚在一起了,9168696
今年第7号台风“安比”生成,9106698
巴基斯坦奥运冠军纳迪姆回国,9102753
上海地铁辟谣1号线有人持刀,9093395
大熊猫彤彤因病死亡,9072155
王楚钦再回应主拍被踩断,9069420
沈腾新片逆鳞,9011460
1932年到2024年奥运金牌榜,8987297
暗区突围端游海外版上线,8979941
中国大唐3天内3人被查,8975479
全红婵父亲辟谣被游客打扰,8891473
知否曼娘李依晓官宣恋情,8882742
王者双人同舞包有梗的,8861215
潮汕阿姨唱英文歌有多上头,8821146
这是我的“闪亮”老爸,8747894
潘展乐解散粉丝群,8725925
手机：从张若昀口袋安全撤离,8452206
孙颖莎说混双金牌是夺来的,8442271
一眼万年丹霞妆,8401848
被热力波穿搭甜到了,8273565
王楚钦被马龙抡到后的反应,8252519
乒乓球遇上甄嬛传,8233845
山东泰山战胜曼谷联,8226759
永夜长明定档,8196450
国潮包装是什么梗,8186480
体验贵州最野的漂流,8170629
当地回应两岁女童家门口失踪,8133064
和平精英升级手雷来了,8094294
多省调整应届生身份认定标准,8056263
黑神话悟空开放性能测试,7950425
孙颖莎冠军驾到直播来了,7925735
乌军在俄本土战况如何,7895516
武功山景区夫妻俩漂流1死1伤,7886266
扎波罗热核电站遭袭背后有何算计,7819059
如何看待王自如被限高,7761244
今天起进入末伏,7759591
一年都没回来是不是太忙了,7759038
潘展乐：想低调点清净点,7757405
厄瓜多尔的梦幻螽斯,7756441
有种云边有个小卖部的感觉,7750495
