headline,time,summary
英国爆发13年来最大规模骚乱 警方称428人被拘留,2024年08月08日 09:41,
全球首部AI法案正式生效，会产生哪些影响？,2024年08月08日 09:12,
张本智和赛后崩溃跪地泪流满面，教练：没什么好耻辱的，根本不是你的错,2024年08月08日 09:07,
美国总统之子亨特·拜登被指控接受罗马尼亚商人贿赂,2024年08月08日 08:59,
拜登：如果特朗普输了，美国或无法实现权力和平过渡,2024年08月08日 08:58,
潘展乐为此前说查尔莫斯“不理人”做澄清，查尔莫斯社交媒体发文致谢：Thank you！,2024年08月08日 08:46,
在巴黎购买毒品被捕，澳大利亚运动员道歉：“我犯了一个可怕的错误”,2024年08月08日 08:46,
全球资产抛售冲击波已过？这些因素可能重新点燃恐慌,2024年08月08日 07:58,
约1000名乌军人员发动进攻！俄库尔斯克州进入紧急状态，普京：乌军无差别向民用建筑和救护车开火,2024年08月08日 07:36,
张本智和又碎了！日本男乒遭逆转张本智和跪地不起,2024年08月08日 07:34,
戴兵大使：加沙冲突致超过一万名妇女被杀害，中方再次呼吁立即实现加沙停火,2024年08月08日 06:57,
84岁尤努斯“临时”领导孟加拉国，美媒：孟加拉国希望他能为这个国家带来稳定,2024年08月08日 06:11,
美股收盘：三大指数突遇寒流集体收跌 英伟达重挫5%,2024年08月08日 06:11,
签证费坐地起价！澳大利亚政府限制留学生政策犯众怒,2024年08月08日 05:46,
乒乓球团体：日本男乒遭大逆转 无缘决赛,2024年08月08日 05:34,
以色列财长称饿死200万加沙民众“可能合理” 欧盟：无耻至极！,2024年08月08日 03:14,
孟加拉国南部海域两艘船只翻覆 致31人死亡,2024年08月08日 02:54,
国际法院允许土耳其加入南非诉以色列“种族灭绝”案,2024年08月08日 02:47,
埃及民航部要求该国航司班机在部分时段避免飞越伊朗领空,2024年08月08日 02:16,
美国降息叙事又添新章：背包客钱包日渐干瘪 民宿平台股价暴跌,2024年08月08日 02:05,
俄罗斯库尔斯克州进入紧急状态,2024年08月08日 01:38,
白宫称加沙地带停火协议已接近达成,2024年08月08日 01:06,
